,dim1,dim2,dim3,dim4,dim5,dim6,dim7,dim8,dim9,dim10,result
0,28041,28041,28038,28034,28034,28039,28059,28065,28077,28077,28101
1,28039,28059,28065,28077,28077,28101,28109,28114,28102,28107,28103
2,28114,28102,28107,28103,28100,28076,28068,28060,28067,28061,28065
3,28068,28068,28072,28064,28060,28088,28091,28091,28074,28045,28053
4,28049,28049,28049,28067,28057,28054,28039,28039,28022,27973,28012
5,28039,28039,28022,27973,28012,27983,27975,27977,27981,27995,27987
6,27975,27977,27981,27995,27987,28002,27993,28001,28009,27998,27974
7,27974,27931,27964,27957,27947,27924,27886,27895,27887,27900,27875
8,27947,27924,27886,27895,27887,27900,27875,27886,27892,27857,27882
9,27901,27905,27880,27875,27878,27865,27882,27893,27898,27906,27959
10,27905,27880,27875,27878,27865,27882,27893,27898,27906,27959,27963
11,27875,27878,27865,27882,27893,27898,27906,27959,27963,27953,27945
12,27893,27898,27906,27959,27963,27953,27945,27938,27951,27928,27914
13,27898,27906,27959,27963,27953,27945,27938,27951,27928,27914,27923
14,27931,27934,27932,27945,27939,27941,27941,27941,27941,27941,27941
15,27934,27932,27945,27939,27941,27941,27941,27941,27941,27941,27941
16,27941,27941,27940,27982,28046,28061,28045,28054,28044,28051,28063
17,28075,28083,28090,28069,28059,28058,28060,28044,28033,28044,28045
18,28058,28060,28044,28033,28044,28045,28054,28046,28059,28073,28072
19,28045,28054,28046,28059,28073,28072,28068,28070,28044,28039,28040
20,28046,28059,28073,28072,28068,28070,28044,28039,28040,28030,28040
21,28040,28030,28040,28056,28056,28046,28075,28093,28089,28091,28092
22,28118,28121,28137,28137,28155,28147,28148,28153,28153,28161,28180
23,28137,28137,28155,28147,28148,28153,28153,28161,28180,28170,28170
24,28155,28147,28148,28153,28153,28161,28180,28170,28170,28170,28173
25,28131,28135,28139,28134,28134,28134,28136,28146,28159,28158,28150
26,28127,28120,28119,28114,28110,28082,28099,28104,28098,28114,28124
27,28120,28119,28114,28110,28082,28099,28104,28098,28114,28124,28124
28,28114,28124,28124,28105,28090,28079,28091,28103,28100,28090,28068
29,28105,28090,28079,28091,28103,28100,28090,28068,28066,28077,28057
30,28090,28088,28089,28092,28109,28116,28120,28113,28110,28113,28110
31,28080,28081,28074,28082,28073,28051,28054,28067,28059,28044,28027
32,28082,28073,28051,28054,28067,28059,28044,28027,28041,28037,28026
33,28067,28059,28044,28027,28041,28037,28026,28011,28002,27997,27999
34,28011,28002,27997,27999,27999,27985,27983,28011,28003,27997,27974
35,27955,27937,27959,27965,27717,27654,27692,27591,27606,27607,27642
36,27591,27606,27607,27642,27682,27656,27694,27674,27673,27664,27646
37,27682,27656,27694,27674,27673,27664,27646,27683,27665,27680,27688
38,27665,27680,27688,27649,27641,27660,27664,27670,27661,27689,27721
39,27660,27664,27670,27661,27689,27721,27722,27738,27729,27738,27733
40,27737,27740,27753,27766,27775,27745,27740,27732,27738,27744,27739
41,27740,27732,27738,27744,27739,27769,27786,27781,27759,27728,27725
42,27709,27715,27729,27735,27756,27771,27773,27781,27775,27774,27773
43,27771,27773,27781,27775,27774,27773,27769,27759,27787,27773,27758
44,27773,27769,27759,27787,27773,27758,27764,27746,27723,27735,27730
45,27746,27723,27735,27730,27734,27729,27737,27727,27702,27695,27698
46,27734,27729,27737,27727,27702,27695,27698,27704,27704,27705,27701
47,27705,27701,27681,27658,27650,27653,27635,27613,27631,27648,27661
48,27635,27613,27631,27648,27661,27662,27669,27644,27642,27650,27665
49,27648,27661,27662,27669,27644,27642,27650,27665,27668,27672,27674
50,27662,27696,27703,27695,27694,27690,27682,27660,27656,27659,27689
51,27694,27690,27682,27660,27656,27659,27689,27695,27708,27710,27720
52,27755,27744,27742,27744,27741,27741,27734,27731,27738,27723,27723
53,27742,27744,27741,27741,27734,27731,27738,27723,27723,27721,27706
54,27744,27741,27741,27734,27731,27738,27723,27723,27721,27706,27698
55,27738,27723,27723,27721,27706,27698,27698,27695,27686,27692,27683
56,27723,27723,27721,27706,27698,27698,27695,27686,27692,27683,27690
57,27695,27686,27692,27683,27690,27690,27661,27663,27664,27643,27642
58,27690,27661,27663,27664,27643,27642,27641,27651,27662,27670,27680
59,27625,27615,27596,27612,27624,27631,27635,27630,27643,27633,27651
60,27630,27643,27633,27651,27623,27630,27646,27661,27669,27678,27676
61,27678,27676,27680,27672,27673,27679,27674,27689,27686,27680,27678
62,27675,27686,27703,27711,27702,27703,27695,27695,27691,27691,27698
63,27703,27711,27702,27703,27695,27695,27691,27691,27698,27690,27698
64,27695,27699,27708,27699,27703,27704,27709,27726,27726,27730,27728
65,27708,27699,27703,27704,27709,27726,27726,27730,27728,27730,27720
66,27699,27703,27704,27709,27726,27726,27730,27728,27730,27720,27710
67,27728,27730,27720,27710,27692,27694,27686,27675,27688,27693,27691
68,27694,27686,27675,27688,27693,27691,27688,27665,27658,27641,27634
69,27665,27658,27641,27634,27646,27650,27656,27660,27663,27662,27676
70,27650,27656,27660,27663,27662,27676,27668,27642,27639,27660,27668
71,27660,27663,27662,27676,27668,27642,27639,27660,27668,27685,27670
72,27660,27668,27685,27670,27672,27685,27687,27682,27693,27709,27723
73,27668,27685,27670,27672,27685,27687,27682,27693,27709,27723,27726
74,27685,27670,27672,27685,27687,27682,27693,27709,27723,27726,27715
75,27670,27672,27685,27687,27682,27693,27709,27723,27726,27715,27707
76,27672,27685,27687,27682,27693,27709,27723,27726,27715,27707,27709
77,27693,27698,27702,27711,27712,27711,27715,27709,27715,27720,27727
78,27702,27711,27712,27711,27715,27709,27715,27720,27727,27752,27761
79,27761,27745,27763,27800,27793,27791,27799,27781,27772,27771,27771
80,27781,27772,27771,27771,27761,27757,27768,27754,27775,27778,27774
81,27775,27778,27774,27804,27848,27832,27827,27819,27826,27825,27856
82,27848,27832,27827,27819,27826,27825,27856,27865,27870,27877,27904
83,27905,27935,27960,27975,28044,28032,28018,28039,28045,28090,28140
84,28032,28018,28039,28045,28090,28140,28117,28126,28118,28114,28090
85,28278,28341,28308,28320,28366,28341,28336,28370,28361,28355,28364
86,28361,28355,28364,28386,28375,28355,28334,28309,28325,28315,28287
87,28312,28296,28294,28313,28274,28262,28304,28301,28318,28324,28322
88,28296,28294,28313,28274,28262,28304,28301,28318,28324,28322,28303
89,28294,28313,28274,28262,28304,28301,28318,28324,28322,28303,28284
90,28274,28262,28304,28301,28318,28324,28322,28303,28284,28295,28290
91,28308,28327,28327,28326,28303,28322,28329,28327,28331,28309,28295
92,28326,28303,28322,28329,28327,28331,28309,28295,28302,28293,28291
93,28295,28302,28293,28291,28283,28277,28321,28338,28342,28311,28321
94,28316,28303,28292,28291,28292,28311,28306,28301,28302,28304,28295
95,28303,28292,28291,28292,28311,28306,28301,28302,28304,28295,28300
96,28291,28292,28311,28306,28301,28302,28304,28295,28300,28292,28304
97,28300,28292,28304,28308,28309,28306,28294,28282,28283,28288,28299
98,28296,28303,28309,28327,28299,28308,28309,28328,28319,28307,28319
99,28341,28350,28385,28353,28373,28383,28455,28446,28425,28403,28387
100,28353,28373,28383,28455,28446,28425,28403,28387,28367,28389,28400
101,28373,28383,28455,28446,28425,28403,28387,28367,28389,28400,28401
102,28143,28150,28147,28125,28123,28117,28118,28135,28113,28116,28113
103,28116,28113,28118,28123,28135,28117,28113,28112,28106,28117,28116
104,28118,28123,28135,28117,28113,28112,28106,28117,28116,28134,28142
105,28142,28162,28153,28190,28191,28159,28166,28118,28158,28130,28130
106,28153,28190,28191,28159,28166,28118,28158,28130,28130,28158,28171
107,28118,28158,28130,28130,28158,28171,28170,28151,28156,28156,28170
108,28156,28156,28170,28169,28171,28205,28227,28304,28318,28332,28311
109,28304,28318,28332,28311,28296,28282,28272,28269,28190,28197,28216
110,28269,28190,28197,28216,28188,28230,27944,27972,28023,28013,28017
111,28216,28188,28230,27944,27972,28023,28013,28017,28016,27987,27992
112,28230,27944,27972,28023,28013,28017,28016,27987,27992,27999,28008
113,27992,27999,28008,27995,27981,27949,27946,27939,27968,27988,27994
114,28052,28048,28042,28068,28054,28051,28050,28046,28059,28067,28067
115,28050,28046,28059,28067,28067,28056,28037,28038,28046,28044,28050
116,28056,28037,28038,28046,28044,28050,28035,28037,28030,28041,28016
117,28026,27890,27903,27879,27900,27921,27925,27922,27905,27921,27933
118,27879,27900,27921,27925,27922,27905,27921,27933,27936,27956,27964
119,27905,27921,27933,27936,27956,27964,27974,27977,27965,27972,27975
120,27933,27936,27956,27964,27974,27977,27965,27972,27975,27972,27966
121,27967,27963,27949,27957,27964,27971,28009,28014,27999,27962,27956
122,28009,28014,27999,27962,27956,27939,27926,27932,27956,27962,28185
123,27932,27956,27962,28185,28206,28171,28156,28140,28153,28127,28110
124,28092,28068,28077,28071,28091,28090,28091,28092,28096,28096,28102
125,28091,28090,28091,28092,28096,28096,28102,28120,28123,28114,28109
126,28090,28091,28092,28096,28096,28102,28120,28123,28114,28109,28127
127,28097,28110,28123,28110,28114,28105,28098,28095,28083,28066,28017
128,28057,28054,28062,28051,28055,28052,28038,28014,28015,28026,28014
129,28014,28011,27982,27967,27959,27927,27759,27745,27688,27684,27619
130,27967,27959,27927,27759,27745,27688,27684,27619,27702,27756,27753
131,27959,27927,27759,27745,27688,27684,27619,27702,27756,27753,27744
132,27927,27759,27745,27688,27684,27619,27702,27756,27753,27744,27755
133,27688,27684,27619,27702,27756,27753,27744,27755,27752,27716,27720
134,27619,27702,27756,27753,27744,27755,27752,27716,27720,27737,27669
135,27752,27716,27720,27737,27669,27705,27679,27691,27727,27697,27679
136,27737,27669,27705,27679,27691,27727,27697,27679,27681,27674,27675
137,27705,27679,27691,27727,27697,27679,27681,27674,27675,27711,27742
138,27727,27697,27679,27681,27674,27675,27711,27742,27742,27767,27771
139,27675,27711,27742,27742,27767,27771,27750,27745,27773,27764,27761
140,27742,27767,27771,27750,27745,27773,27764,27761,27734,27728,27717
141,27717,27718,27719,27684,27664,27645,27618,27634,27578,27580,27486
142,27443,27359,27406,27371,27428,27377,27333,27345,27375,27364,27392
143,27428,27377,27333,27345,27375,27364,27392,27349,27455,27510,27529
144,27345,27375,27364,27392,27349,27455,27510,27529,27515,27507,27510
145,27375,27364,27392,27349,27455,27510,27529,27515,27507,27510,27517
146,27521,27508,27491,27467,27468,27491,27515,27468,27499,27518,27525
147,27508,27491,27467,27468,27491,27515,27468,27499,27518,27525,27524
148,27468,27499,27518,27525,27524,27496,27523,27554,27538,27523,27522
149,27525,27524,27496,27523,27554,27538,27523,27522,27522,27523,27540
150,27621,27698,27706,27731,27706,27684,27637,27648,27672,27691,27684
151,27736,27725,27753,27764,27767,27777,27781,27778,27770,27749,27741
152,27777,27781,27778,27770,27749,27741,27725,27755,27756,27755,27756
153,27755,27756,27755,27756,27791,27817,27828,27826,27825,27800,27769
154,27755,27756,27791,27817,27828,27826,27825,27800,27769,27744,27744
155,27647,27654,27667,27676,27693,27695,27716,27737,27724,27738,27724
156,27749,27746,27740,27746,27764,27806,27804,27805,27830,27842,27822
157,27746,27764,27806,27804,27805,27830,27842,27822,27815,27810,27802
158,27822,27815,27810,27802,27804,27780,27773,27764,27764,27765,27761
159,27802,27804,27780,27773,27764,27764,27765,27761,27792,27803,27795
160,27804,27780,27773,27764,27764,27765,27761,27792,27803,27795,27792
161,27803,27795,27792,27800,27767,27764,27756,27766,27773,27779,27791
162,27811,27825,27839,27819,27824,27816,27833,27839,27847,27852,27866
163,27824,27816,27833,27839,27847,27852,27866,27874,27866,27853,27876
164,27887,27878,27898,27884,27888,27878,27868,27875,27875,27890,27884
165,27844,27839,27842,27847,27834,27835,27851,27857,27867,27877,27877
166,27901,27900,27893,27908,27903,27866,27864,27870,27854,27854,27857
167,27903,27866,27864,27870,27854,27854,27857,27858,27858,27860,27858
168,27864,27870,27854,27854,27857,27858,27858,27860,27858,27851,27847
169,27854,27849,27863,27864,27848,27844,27841,27844,27838,27835,27860
170,27841,27844,27838,27835,27860,27862,27865,27829,27844,27837,27834
171,27838,27835,27860,27862,27865,27829,27844,27837,27834,27829,27839
172,27855,27842,27833,27836,27839,27840,27847,27846,27831,27825,27829
173,27839,27840,27847,27846,27831,27825,27829,27822,27826,27808,27822
174,27829,27822,27826,27808,27822,27813,27810,27809,27799,27773,27775
175,27822,27826,27808,27822,27813,27810,27809,27799,27773,27775,27773
176,27822,27813,27810,27809,27799,27773,27775,27773,27766,27768,27761
177,27809,27799,27773,27775,27773,27766,27768,27761,27766,27762,27758
178,27791,27794,27796,27795,27802,27799,27798,27785,27787,27795,27795
179,27787,27795,27795,27796,27800,27797,27798,27800,27805,27803,27806
180,27795,27795,27796,27800,27797,27798,27800,27805,27803,27806,27806
181,27796,27800,27797,27798,27800,27805,27803,27806,27806,27806,27808
182,27805,27803,27806,27806,27806,27808,27822,27849,27899,27912,27890
183,27899,27912,27890,27880,27871,27876,27883,27889,27879,27880,27874
184,27871,27873,27874,27875,27881,27886,27869,27883,27879,27879,27876
185,27886,27859,27847,27847,27856,27869,27886,27884,27879,27874,27861
186,27847,27847,27856,27869,27886,27884,27879,27874,27861,27854,27856
187,27854,27856,27853,27849,27845,27844,27845,27845,27844,27843,27838
188,27853,27849,27845,27844,27845,27845,27844,27843,27838,27848,27848
189,27838,27848,27848,27850,27876,27881,27880,27876,27863,27861,27870
190,28007,27974,27961,27987,27993,27977,28003,28021,28020,28019,28035
191,28019,28050,28059,28058,28071,28063,28055,28035,28028,28046,28067
192,28058,28071,28063,28055,28035,28028,28046,28067,28073,28109,28097
193,28067,28077,28080,28071,28055,28044,28040,28033,28021,28012,28012
194,28014,28005,28006,28006,27998,27997,27991,27986,27986,27984,27968
195,28005,28006,28006,27998,27997,27991,27986,27986,27984,27968,27974
196,28006,27998,27997,27991,27986,27986,27984,27968,27974,27972,27973
197,27985,28008,28007,28007,28012,28001,28018,28013,27997,27989,27984
198,28013,27997,27989,27984,27996,28002,27999,28005,28006,28005,28004
199,27997,27989,27984,27996,28002,27999,28005,28006,28005,28004,28003
200,27984,27996,28002,27999,28005,28006,28005,28004,28003,27994,27993
201,27994,27993,27995,27986,27984,27977,27975,27975,27983,27986,27981
202,27995,27986,27984,27977,27975,27975,27983,27986,27981,27948,27948
203,27940,27954,27960,27953,27962,27959,27963,27973,27983,27981,27983
204,27983,27981,27983,27988,27988,27991,27992,27996,28000,27997,28012
205,27992,27996,28000,27997,28012,28053,28055,28062,28062,28060,28059
206,28012,28053,28055,28062,28062,28060,28059,28048,28043,28036,28050
207,28032,28034,28042,28068,28071,28063,28074,28067,28049,28046,28045
208,28068,28065,28065,28077,28079,28079,28074,28074,28090,28104,28132
209,28077,28079,28079,28074,28074,28090,28104,28132,28129,28131,28127
210,28104,28132,28129,28131,28127,28115,28116,28145,28127,28129,28129
211,28185,28231,28285,28279,28271,28256,28286,28287,28277,28248,28238
212,28238,28255,28253,28251,28243,28235,28255,28235,28218,28209,28205
213,28205,28224,28209,28199,28196,28195,28203,28198,28198,28191,28181
214,28209,28199,28196,28195,28203,28198,28198,28191,28181,28192,28178
215,28191,28181,28192,28178,28169,28176,28176,28198,28203,28212,28215
216,28335,28302,28354,28344,28314,28299,28355,28351,28361,28369,28357
217,28351,28361,28369,28357,28359,28350,28333,28277,28214,28261,28253
218,28369,28357,28359,28350,28333,28277,28214,28261,28253,28245,28244
219,28254,28229,28227,28189,28161,28196,28216,28214,28226,28233,28218
220,28227,28189,28161,28196,28216,28214,28226,28233,28218,28210,28212
221,28214,28226,28233,28218,28210,28212,28246,28228,28213,28220,28241
222,28233,28218,28210,28212,28246,28228,28213,28220,28241,28243,28246
223,28246,28228,28213,28220,28241,28243,28246,28257,28255,28270,28268
224,28241,28243,28246,28257,28255,28270,28268,28281,28264,28260,28258
225,28255,28270,28268,28281,28264,28260,28258,28273,28282,28262,28307
226,28307,28294,28293,28261,28259,28238,28238,28236,28224,28215,28207
227,28236,28224,28215,28207,28208,28232,28239,28230,28243,28264,28274
228,28232,28239,28230,28243,28264,28274,28260,28293,28288,28286,28309
229,28230,28243,28264,28274,28260,28293,28288,28286,28309,28302,28297
230,28319,28304,28269,28244,28245,28224,28228,28195,28192,28195,28198
231,28244,28245,28224,28228,28195,28192,28195,28198,28219,28220,28224
232,28195,28198,28219,28220,28224,28230,28224,28217,28200,28200,28204
233,28217,28200,28200,28204,28209,28191,28194,28217,28238,28244,28243
234,28263,28263,28289,28294,28343,28307,28266,28271,28262,28266,28254
235,28263,28289,28294,28343,28307,28266,28271,28262,28266,28254,28245
236,28245,28255,28259,28260,28260,28256,28255,28242,28266,28262,28262
237,28170,28174,28165,28189,28177,28168,28154,28075,28116,28113,28117
238,28133,28126,28128,28124,28121,28133,28144,28127,28150,28150,28158
239,28150,28158,28168,28155,28156,28165,28134,28122,28106,28080,28063
240,28103,28104,28121,28125,28131,28144,28163,28171,28176,28186,28190
241,28104,28121,28125,28131,28144,28163,28171,28176,28186,28190,28193
242,28131,28144,28163,28171,28176,28186,28190,28193,28204,28209,28231
243,28163,28171,28176,28186,28190,28193,28204,28209,28231,28182,28156
244,28176,28186,28190,28193,28204,28209,28231,28182,28156,28151,28140
245,28171,28173,28152,28133,28125,28140,28133,28106,28092,28093,28092
246,28133,28106,28092,28093,28092,28098,28079,28080,28104,28107,28086
247,28106,28092,28093,28092,28098,28079,28080,28104,28107,28086,28066
248,28066,28073,28056,28051,28027,28020,28045,28054,28065,28008,27979
249,28051,28027,28020,28045,28054,28065,28008,27979,27948,27944,27995
250,28020,28045,28054,28065,28008,27979,27948,27944,27995,27996,27982
251,27965,27950,27935,27959,27936,27965,27976,27987,27958,27955,27948
252,27936,27965,27976,27987,27958,27955,27948,27948,27989,28005,28005
253,27958,27955,27948,27948,27989,28005,28005,28009,27994,28005,28008
254,28022,28024,28034,28041,28043,28041,28021,28025,28016,28015,28012
255,28016,28015,28012,27999,28004,28000,28013,28001,27990,27979,27961
256,28004,28000,28013,28001,27990,27979,27961,27977,27966,27951,27944
257,28001,27990,27979,27961,27977,27966,27951,27944,27955,27968,27951
258,27955,27968,27951,27952,27952,27955,27969,27969,27979,27983,27990
259,27951,27952,27952,27955,27969,27969,27979,27983,27990,27987,27982
260,27969,27969,27979,27983,27990,27987,27982,27961,27977,27974,27986
261,27987,27982,27961,27977,27974,27986,28005,28013,28023,28022,28024
262,27961,27977,27974,27986,28005,28013,28023,28022,28024,28026,28036
263,28022,28024,28026,28036,28036,28029,28028,28016,28004,28016,27994
264,28024,28026,28036,28036,28029,28028,28016,28004,28016,27994,27992
265,28026,28036,28036,28029,28028,28016,28004,28016,27994,27992,27992
266,28004,28016,27994,27992,27992,28055,28064,28068,28074,28084,28081
267,27992,27992,28055,28064,28068,28074,28084,28081,28071,28066,28060
268,28084,28081,28071,28066,28060,28042,28052,28056,28042,28042,28039
269,28042,28052,28056,28042,28042,28039,28053,28054,28064,28069,28067
270,28042,28042,28039,28053,28054,28064,28069,28067,28061,28054,28064
271,28061,28054,28064,28071,28075,28086,28103,28098,28101,28086,28067
272,28097,28113,28108,28116,28152,28139,28130,28113,28115,28113,28113
273,28108,28116,28152,28139,28130,28113,28115,28113,28113,28152,28164
274,28171,28198,28194,28203,28196,28198,28198,28198,28194,28212,28219
275,28174,28161,28161,28141,28138,28130,28128,28131,28129,28124,28128
276,28125,28127,28126,28123,28121,28116,28105,28099,28092,28110,28085
277,28092,28104,28103,28117,28138,28134,28147,28158,28150,28150,28144
278,28150,28150,28144,28133,28139,28158,28155,28173,28168,28163,28149
279,28133,28139,28158,28155,28173,28168,28163,28149,28122,28071,28069
280,28069,28081,28082,28089,28090,28099,28096,28082,28081,28083,28075
281,28089,28082,28086,28094,28094,28094,28077,28071,28078,28080,28083
282,28082,28086,28094,28094,28094,28077,28071,28078,28080,28083,28089
283,28089,28121,28116,28111,28110,28096,28083,28065,28068,28075,28089
284,28116,28111,28110,28096,28083,28065,28068,28075,28089,28100,28098
285,28111,28110,28096,28083,28065,28068,28075,28089,28100,28098,28098
286,28100,28098,28098,28084,28085,28081,28093,28093,28091,28096,28118
287,28098,28084,28085,28081,28093,28093,28091,28096,28118,28124,28106
288,28145,28141,28156,28153,28151,28152,28161,28150,28158,28169,28165
289,28151,28152,28161,28150,28158,28169,28165,28168,28151,28152,28155
290,28187,28153,28159,28168,28167,28171,28174,28161,28158,28157,28151
291,28167,28171,28174,28161,28158,28157,28151,28152,28157,28159,28170
292,28151,28152,28157,28159,28170,28182,28174,28179,28174,28174,28196
293,28157,28159,28170,28182,28174,28179,28174,28174,28196,28224,28219
294,28179,28174,28174,28196,28224,28219,28254,28250,28241,28224,28212
295,28251,28251,28268,28221,28232,28221,28206,28202,28192,28195,28201
296,28206,28202,28192,28195,28201,28225,28211,28209,28205,28209,28205
297,28189,28189,28188,28185,28197,28203,28197,28204,28201,28197,28177
298,28204,28201,28197,28177,28180,28189,28199,28195,28189,28173,28153
299,28167,28170,28170,28170,28179,28168,28158,28139,28136,28173,28184
300,28170,28179,28168,28158,28139,28136,28173,28184,28187,28183,28192
301,28204,28223,28209,28206,28197,28199,28205,28201,28206,28205,28197
302,28197,28185,28192,28204,28205,28206,28204,28198,28201,28195,28201
303,28205,28206,28204,28198,28201,28195,28201,28206,28211,28211,28204
304,28211,28204,28206,28207,28195,28194,28174,28168,28179,28162,28160
305,28162,28160,28156,28154,28155,28169,28170,28169,28162,28158,28159
306,28169,28162,28158,28159,28157,28157,28157,28161,28176,28176,28169
307,28157,28157,28157,28161,28176,28176,28169,28172,28170,28170,28164
308,28176,28176,28169,28172,28170,28170,28164,28155,28149,28143,28143
309,28172,28170,28170,28164,28155,28149,28143,28143,28137,28151,28150
310,28143,28143,28137,28151,28150,28158,28155,28152,28143,28137,28115
311,28152,28143,28137,28115,28088,28076,28081,28091,28086,28084,28084
312,28115,28088,28076,28081,28091,28086,28084,28084,28098,28078,28086
313,28086,28083,28074,28068,28062,28066,28060,28061,28054,28060,28053
314,28054,28060,28053,28062,28068,28096,28094,28081,28091,28093,28100
315,28097,28101,28109,28106,28106,28136,28138,28138,28133,28135,28136
316,28136,28134,28126,28126,28131,28122,28125,28132,28127,28116,28115
317,28126,28126,28131,28122,28125,28132,28127,28116,28115,28111,28113
318,28126,28131,28122,28125,28132,28127,28116,28115,28111,28113,28106
319,28111,28113,28106,28104,28101,28076,28091,28125,28129,28124,28115
320,28128,28165,28166,28233,28196,28201,28190,28199,28208,28222,28266
321,28381,28359,28400,28400,28404,28404,28396,28427,28452,28443,28432
322,28400,28404,28404,28396,28427,28452,28443,28432,28400,28401,28435
323,28401,28435,28416,28432,28457,28590,28636,28638,28650,28631,28646
324,28556,28613,28646,28622,28626,28613,28636,28621,28620,28592,28590
325,28544,28557,28555,28581,28588,28611,28592,28576,28574,28566,28554
326,28611,28592,28576,28574,28566,28554,28604,28598,28599,28575,28592
327,28596,28612,28622,28614,28572,28555,28581,28577,28563,28547,28551
328,28612,28622,28614,28572,28555,28581,28577,28563,28547,28551,28555
329,28581,28577,28563,28547,28551,28555,28537,28552,28552,28563,28562
330,28552,28563,28562,28550,28562,28558,28543,28547,28555,28562,28570
331,28562,28550,28562,28558,28543,28547,28555,28562,28570,28570,28577
332,28562,28570,28570,28577,28575,28580,28596,28602,28619,28617,28621
333,28621,28621,28611,28605,28618,28616,28616,28663,28640,28635,28630
334,28605,28618,28616,28616,28663,28640,28635,28630,28630,28626,28629
335,28618,28616,28616,28663,28640,28635,28630,28630,28626,28629,28615
336,28663,28640,28635,28630,28630,28626,28629,28615,28607,28606,28616
337,28606,28613,28624,28653,28684,28634,28614,28614,28567,28570,28550
338,28684,28634,28614,28614,28567,28570,28550,28534,28540,28534,28552
339,28552,28541,28550,28547,28542,28533,28530,28495,28496,28502,28525
340,28454,28443,28421,28418,28417,28419,28410,28415,28421,28410,28422
341,28417,28419,28410,28415,28421,28410,28422,28417,28442,28442,28440
342,28462,28482,28478,28471,28477,28484,28488,28484,28492,28494,28502
343,28477,28484,28488,28484,28492,28494,28502,28498,28487,28486,28484
344,28498,28487,28486,28484,28475,28479,28508,28517,28520,28542,28533
345,28486,28484,28475,28479,28508,28517,28520,28542,28533,28531,28522
346,28550,28539,28504,28490,28488,28492,28493,28488,28500,28501,28502
347,28493,28488,28500,28501,28502,28502,28503,28516,28516,28515,28518
348,28481,28485,28496,28500,28507,28521,28524,28526,28532,28542,28534
349,28542,28534,28539,28533,28537,28547,28564,28570,28565,28581,28563
350,28544,28543,28532,28524,28526,28526,28526,28532,28532,28530,28538
351,28526,28526,28526,28532,28532,28530,28538,28538,28538,28525,28523
352,28526,28532,28532,28530,28538,28538,28538,28525,28523,28523,28523
353,28538,28538,28538,28525,28523,28523,28523,28535,28535,28534,28529
354,28535,28534,28529,28532,28532,28534,28541,28544,28543,28542,28560
355,28534,28529,28532,28532,28534,28541,28544,28543,28542,28560,28562
356,28562,28570,28560,28553,28547,28546,28545,28548,28548,28548,28540
357,28548,28540,28544,28540,28540,28540,28537,28528,28518,28529,28541
358,28518,28529,28541,28541,28552,28552,28556,28556,28559,28553,28544
359,28552,28552,28556,28556,28559,28553,28544,28535,28533,28537,28526
360,28556,28559,28553,28544,28535,28533,28537,28526,28531,28526,28523
361,28553,28544,28535,28533,28537,28526,28531,28526,28523,28529,28526
362,28526,28526,28521,28505,28505,28485,28479,28483,28471,28478,28478
363,28506,28506,28516,28502,28501,28498,28498,28508,28511,28511,28506
364,28498,28508,28511,28511,28506,28506,28506,28512,28515,28514,28516
365,28514,28516,28509,28510,28514,28505,28505,28495,28492,28492,28476
366,28505,28505,28495,28492,28492,28476,28476,28470,28459,28462,28449
367,28492,28492,28476,28476,28470,28459,28462,28449,28455,28455,28448
368,28476,28476,28470,28459,28462,28449,28455,28455,28448,28454,28444
369,28444,28448,28462,28448,28469,28472,28481,28480,28481,28488,28487
370,28448,28462,28448,28469,28472,28481,28480,28481,28488,28487,28491
371,28480,28481,28488,28487,28491,28490,28480,28483,28489,28489,28487
372,28487,28491,28490,28480,28483,28489,28489,28487,28481,28489,28495
373,28480,28483,28489,28489,28487,28481,28489,28495,28495,28495,28499
374,28483,28489,28489,28487,28481,28489,28495,28495,28495,28499,28493
375,28501,28501,28504,28502,28502,28501,28495,28498,28497,28487,28464
376,28462,28442,28441,28437,28439,28443,28449,28451,28527,28533,28568
377,28568,28550,28545,28542,28543,28544,28543,28548,28537,28540,28539
378,28545,28542,28543,28544,28543,28548,28537,28540,28539,28549,28555
379,28549,28555,28561,28557,28559,28558,28552,28547,28543,28540,28538
380,28552,28547,28543,28540,28538,28537,28540,28531,28537,28540,28531
381,28547,28543,28540,28538,28537,28540,28531,28537,28540,28531,28532
382,28523,28519,28518,28520,28517,28515,28511,28514,28511,28522,28524
383,28522,28524,28528,28525,28527,28527,28527,28528,28518,28522,28527
384,28527,28527,28527,28528,28518,28522,28527,28529,28553,28565,28557
385,28527,28529,28553,28565,28557,28550,28543,28542,28505,28503,28497
386,28553,28565,28557,28550,28543,28542,28505,28503,28497,28490,28486
387,28496,28497,28501,28489,28487,28486,28488,28486,28483,28485,28484
388,28487,28486,28488,28486,28483,28485,28484,28496,28488,28478,28474
389,28486,28488,28486,28483,28485,28484,28496,28488,28478,28474,28479
390,28485,28484,28496,28488,28478,28474,28479,28482,28476,28482,28486
391,28488,28478,28474,28479,28482,28476,28482,28486,28485,28493,28492
392,28492,28489,28491,28485,28486,28485,28487,28491,28494,28491,28491
393,28483,28485,28485,28485,28487,28490,28490,28486,28487,28495,28499
394,28487,28490,28490,28486,28487,28495,28499,28503,28500,28494,28484
395,28494,28484,28483,28488,28486,28482,28495,28488,28485,28487,28479
396,28468,28468,28461,28464,28463,28457,28458,28467,28473,28472,28476
397,28457,28458,28467,28473,28472,28476,28476,28476,28476,28476,28476
398,28476,28476,28486,28478,28480,28465,28466,28466,28469,28458,28459
399,28505,28506,28521,28509,28509,28498,28502,28494,28506,28506,28505
400,28509,28498,28502,28494,28506,28506,28505,28490,28488,28502,28517
401,28488,28502,28517,28516,28508,28509,28517,28517,28518,28520,28518
402,28517,28516,28508,28509,28517,28517,28518,28520,28518,28518,28518
403,28517,28517,28518,28520,28518,28518,28518,28517,28519,28528,28518
404,28528,28518,28518,28516,28514,28516,28526,28526,28528,28531,28538
405,28518,28518,28516,28514,28516,28526,28526,28528,28531,28538,28552
406,28522,28521,28497,28504,28499,28507,28496,28498,28503,28518,28518
407,28510,28512,28531,28529,28508,28478,28352,28392,28380,28391,28402
408,28523,28518,28537,28516,28512,28512,28531,28553,28548,28554,28529
409,28474,28473,28499,28487,28490,28470,28467,28470,28464,28448,28412
410,28470,28464,28448,28412,28385,28380,28350,28321,28343,28361,28370
411,28448,28412,28385,28380,28350,28321,28343,28361,28370,28347,28358
412,28412,28385,28380,28350,28321,28343,28361,28370,28347,28358,28355
413,28355,28365,28355,28350,28305,28321,28339,28329,28326,28307,28300
414,28321,28339,28329,28326,28307,28300,28344,28357,28358,28368,28373
415,28344,28357,28358,28368,28373,28373,28372,28403,28383,28364,28344
416,28153,28161,28159,28166,28179,28154,28174,28187,28202,28178,28161
417,28154,28174,28187,28202,28178,28161,28158,28137,28144,28168,28199
418,28174,28187,28202,28178,28161,28158,28137,28144,28168,28199,28191
419,28198,28194,28186,28175,28164,28139,28141,28089,28129,28135,28142
420,28186,28175,28164,28139,28141,28089,28129,28135,28142,28120,28070
421,28129,28135,28142,28120,28070,28093,28101,28102,28093,28102,28085
422,28085,28105,28109,28135,28128,28134,28108,28104,28083,28001,28005
423,27938,27916,27914,27939,27960,27959,27942,27956,27947,27954,27980
424,27947,27954,27980,27963,27961,27975,27990,28012,28012,28014,28032
425,27963,27961,27975,27990,28012,28012,28014,28032,28044,28043,28023
426,27961,27975,27990,28012,28012,28014,28032,28044,28043,28023,28019
427,27990,28012,28012,28014,28032,28044,28043,28023,28019,28026,28030
428,28043,28023,28019,28026,28030,28021,28013,28037,28050,28050,28066
429,27869,27878,27871,27860,27855,27823,27862,27871,27884,27883,27882
430,27859,27884,27874,27881,27892,27909,27912,27904,27936,27938,27956
431,27881,27892,27909,27912,27904,27936,27938,27956,27970,27950,27945
432,27936,27938,27956,27970,27950,27945,27932,27913,27920,27913,27917
433,27938,27956,27970,27950,27945,27932,27913,27920,27913,27917,27936
434,27906,27899,27914,27906,27915,27913,27895,27885,27899,27933,27947
435,27895,27885,27899,27933,27947,27954,27968,27971,27974,27981,27951
436,27947,27954,27968,27971,27974,27981,27951,27959,27965,27960,27976
437,27996,28005,28011,28006,28025,28019,28023,28039,28022,28040,28035
438,28040,28035,28044,28037,28046,28052,28064,28055,28042,28045,28040
439,28055,28042,28045,28040,28036,28034,28027,28030,28023,28030,28002
440,28045,28040,28036,28034,28027,28030,28023,28030,28002,27969,27985
441,28036,28034,28027,28030,28023,28030,28002,27969,27985,27981,27967
442,28027,28030,28023,28030,28002,27969,27985,27981,27967,27973,27974
443,27969,27985,27981,27967,27973,27974,27980,28000,28014,28012,28002
444,28000,28014,28012,28002,28002,28004,28002,27996,27991,27997,27998
445,28002,28004,28002,27996,27991,27997,27998,28006,28006,28021,28008
446,28004,28002,27996,27991,27997,27998,28006,28006,28021,28008,28005
447,28006,28006,28021,28008,28005,28005,28002,27987,27986,28006,28006
448,27982,27964,27937,27926,27928,27909,27935,27935,27933,27944,27960
449,27926,27928,27909,27935,27935,27933,27944,27960,27969,27994,27990
450,27994,27990,27971,27942,27953,27962,27959,27962,27957,27973,27976
451,27942,27953,27962,27959,27962,27957,27973,27976,27966,27956,27955
452,27996,28003,27989,27990,27987,27986,28000,27989,27968,27967,27961
453,27990,27987,27986,28000,27989,27968,27967,27961,27951,27940,27949
454,27989,27968,27967,27961,27951,27940,27949,27953,28034,28061,28055
455,28072,28091,28128,28117,28110,28119,28098,28119,28149,28152,28169
456,28128,28117,28110,28119,28098,28119,28149,28152,28169,28184,28164
457,28149,28152,28169,28184,28164,28156,28164,28166,28186,28188,28193
458,28156,28164,28166,28186,28188,28193,28204,28196,28208,28236,28245
459,28208,28236,28245,28260,28265,28260,28232,28241,28237,28241,28256
460,28260,28265,28260,28232,28241,28237,28241,28256,28260,28263,28241
461,28163,28169,28171,28166,28169,28178,28186,28180,28175,28182,28185
462,28182,28185,28196,28194,28214,28206,28222,28243,28237,28243,28258
463,28196,28194,28214,28206,28222,28243,28237,28243,28258,28266,28263
464,28174,28175,28181,28180,28187,28186,28185,28185,28186,28184,28178
465,28185,28185,28186,28184,28178,28190,28190,28198,28181,28174,28173
466,28190,28190,28198,28181,28174,28173,28166,28154,28146,28146,28162
467,28181,28174,28173,28166,28154,28146,28146,28162,28158,28156,28149
468,28166,28154,28146,28146,28162,28158,28156,28149,28148,28153,28146
469,28125,28132,28134,28135,28142,28149,28141,28136,28122,28126,28118
470,28126,28151,28165,28164,28169,28170,28174,28178,28180,28177,28178
471,28165,28164,28169,28170,28174,28178,28180,28177,28178,28177,28176
472,28178,28180,28177,28178,28177,28176,28185,28183,28166,28158,28147
473,28178,28177,28176,28185,28183,28166,28158,28147,28160,28155,28147
474,28128,28122,28121,28130,28146,28147,28145,28150,28153,28152,28154
475,28115,28113,28117,28103,28107,28102,28106,28112,28110,28114,28102
476,28117,28119,28104,28102,28108,28124,28124,28139,28148,28143,28149
477,28168,28176,28200,28196,28185,28159,28149,28143,28129,28124,28119
478,28196,28185,28159,28149,28143,28129,28124,28119,28117,28126,28122
479,28119,28117,28126,28122,28124,28125,28126,28126,28125,28126,28133
480,28148,28148,28148,28148,28151,28164,28172,28163,28161,28142,28146
481,28143,28145,28150,28149,28159,28150,28152,28147,28146,28147,28161
482,28150,28152,28147,28146,28147,28161,28176,28175,28176,28165,28158
483,28151,28145,28145,28144,28144,28143,28143,28149,28125,28125,28128
484,28045,28046,28062,28053,28068,28052,28038,28062,28056,28041,28011
485,28062,28053,28068,28052,28038,28062,28056,28041,28011,28032,28035
486,28035,28040,28046,28060,28070,28084,28090,28090,28087,28088,28083
487,28087,28088,28083,28091,28090,28091,28085,28078,28041,27948,27983
488,27971,27983,27967,27975,27967,27956,27965,27960,27938,27901,27927
489,27956,27965,27960,27938,27901,27927,27917,27927,27940,27944,27965
490,28000,28002,27995,27985,27981,27991,27982,27991,27972,27966,27953
491,27991,27982,27991,27972,27966,27953,27923,27898,27864,27887,27911
492,27923,27898,27864,27887,27911,27913,27921,27916,27926,27901,27881
493,27905,27942,27958,27953,27964,27969,27976,27993,27992,27996,28001
494,27996,28001,28002,27995,27988,27995,27997,27998,28009,28016,28023
495,28040,28042,28036,28033,28041,28044,28052,28056,28059,28055,28040
496,28036,28033,28041,28044,28052,28056,28059,28055,28040,28042,28041
497,28033,28041,28044,28052,28056,28059,28055,28040,28042,28041,28023
498,28055,28040,28042,28041,28023,28035,28041,28042,28039,28042,28043
499,28036,28020,28029,28041,28034,28041,28049,28052,28055,28049,28053
500,28053,28041,28041,28041,28036,28039,28037,28038,28019,28001,28009
501,27996,27981,27975,27970,27982,27981,27962,27964,27973,27976,27980
502,27976,27980,27982,28007,28009,27999,28004,28000,28013,28010,28027
503,28009,27999,28004,28000,28013,28010,28027,28023,28033,28041,28046
504,28024,28022,28022,28024,28024,28043,28045,28047,28050,28055,28052
505,28045,28047,28050,28055,28052,28054,28053,28052,28057,28062,28056
506,28052,28057,28062,28056,28056,28056,28064,28067,28068,28052,28038
507,28056,28056,28064,28067,28068,28052,28038,28042,28049,28046,28048
508,28068,28052,28038,28042,28049,28046,28048,28044,28048,28046,28045
509,28045,28046,28042,28039,28036,28041,28043,28077,28089,28118,28106
510,28043,28077,28089,28118,28106,28095,28092,28082,28083,28083,28087
511,28077,28089,28118,28106,28095,28092,28082,28083,28083,28087,28087
512,28092,28082,28083,28083,28087,28087,28086,28098,28086,28082,28088
513,28082,28083,28083,28087,28087,28086,28098,28086,28082,28088,28086
514,28083,28073,28071,28067,28066,28077,28066,28062,28071,28090,28086
515,28062,28061,28065,28065,28067,28066,28070,28071,28071,28071,28071
516,28067,28066,28070,28071,28071,28071,28071,28062,28060,28062,28063
517,28060,28062,28063,28061,28067,28056,28071,28080,28074,28046,28048
518,28041,28040,28040,28037,28026,28008,28024,28025,28024,28025,28033
519,28008,28018,28015,28010,28007,28012,28007,27998,27961,27971,27973
520,27984,27976,27970,27963,27978,27986,27995,28004,28000,28005,28005
521,28013,28012,28002,28006,28003,28002,28002,28014,28015,28017,28016
522,28002,28006,28003,28002,28002,28014,28015,28017,28016,27998,27999
523,28015,28017,28016,27998,27999,27985,27987,27992,27990,27991,27991
524,27991,27989,27988,27991,27991,27992,27990,27990,28005,28004,28007
525,27992,27990,27990,28005,28004,28007,28006,28007,28008,28012,28019
526,28004,28007,28006,28007,28008,28012,28019,28035,28035,28030,28029
527,28026,28036,28033,28038,28039,28037,28033,28032,28030,28030,28025
528,28039,28037,28033,28032,28030,28030,28025,28027,28034,28025,28024
529,28045,28038,28036,28035,28041,28049,28053,28031,28025,28027,28024
530,28003,28002,28005,28008,28008,28012,28016,28008,28004,28000,27983
531,28008,28004,28000,27983,27984,27985,27985,27966,27966,27972,27971
532,28004,28000,27983,27984,27985,27985,27966,27966,27972,27971,27971
533,27984,27985,27985,27966,27966,27972,27971,27971,27978,27977,27957
534,27972,27971,27971,27978,27977,27957,27909,27916,27941,27926,27932
535,27909,27916,27941,27926,27932,27943,27935,27914,27913,27902,27903
536,27932,27943,27935,27914,27913,27902,27903,27893,27849,27896,27871
537,27893,27849,27896,27871,27850,27859,27864,27870,27888,27891,27894
538,27891,27894,27897,27892,27907,27901,27911,27894,27874,27841,27836
539,27852,27876,27876,27876,27878,27881,27875,27875,27882,27882,27911
540,27931,27956,27939,27939,27940,27925,27930,27930,27931,27925,27924
541,27940,27925,27930,27930,27931,27925,27924,27918,27916,27907,27924
542,27918,27916,27907,27924,27921,27921,27927,27926,27926,27930,27930
543,27930,27922,27928,27932,27940,27940,27938,27934,27937,27940,27944
544,27940,27944,27947,27956,27962,27972,27965,27965,27965,27951,27968
545,27956,27962,27972,27965,27965,27965,27951,27968,27962,27968,27984
546,27951,27968,27962,27968,27984,27995,27983,27978,27974,27961,27968
547,27978,27974,27961,27968,27963,27963,27967,27967,27971,27980,27980
548,27974,27961,27968,27963,27963,27967,27967,27971,27980,27980,27967
549,27971,27980,27980,27967,27962,27957,27946,27946,27933,27948,27939
550,27939,27933,27920,27921,27928,27891,27903,27905,27905,27890,27890
551,27891,27903,27905,27905,27890,27890,27881,27881,27846,27813,27828
552,27905,27905,27890,27890,27881,27881,27846,27813,27828,27813,27826
553,27813,27828,27813,27826,27826,27857,27842,27843,27860,27850,27832
554,27843,27860,27850,27832,27837,27846,27820,27830,27843,27853,27849
555,27860,27850,27832,27837,27846,27820,27830,27843,27853,27849,27847
556,27843,27853,27849,27847,27847,27826,27818,27818,27819,27815,27853
557,27880,27867,27878,27884,27881,27881,27886,27897,27896,27875,27880
558,27886,27897,27896,27875,27880,27874,27878,27875,27875,27881,27870
559,27911,27912,27907,27913,27916,27918,27919,27913,27913,27900,27902
560,27913,27913,27900,27902,27909,27913,27922,27925,27914,27920,27927
561,27909,27913,27922,27925,27914,27920,27927,27911,27912,27915,27913
562,27915,27913,27914,27901,27902,27901,27894,27889,27875,27883,27881
563,27902,27901,27894,27889,27875,27883,27881,27878,27883,27880,27859
564,27878,27883,27880,27859,27856,27856,27884,27888,27916,27926,27924
565,27905,27888,27901,27891,27910,27912,27912,27898,27905,27899,27882
566,27898,27905,27899,27882,27885,27881,27879,27866,27863,27851,27839
567,27876,27879,27878,27886,27889,27859,27854,27864,27878,27878,27874
568,27878,27874,27879,27881,27868,27890,27901,27905,27910,27918,27920
569,27852,27858,27846,27867,27859,27831,27833,27824,27814,27785,27815
570,27846,27867,27859,27831,27833,27824,27814,27785,27815,27822,27737
571,27867,27859,27831,27833,27824,27814,27785,27815,27822,27737,27746
572,27751,27785,27807,27821,27830,27833,27826,27831,27834,27857,27862
573,27922,27929,27919,27901,27899,27897,27893,27885,27894,27896,27905
574,27893,27885,27894,27896,27905,27905,27903,27896,27905,27930,27914
575,27905,27903,27896,27905,27930,27914,27894,27897,27923,27916,27919
576,27930,27914,27894,27897,27923,27916,27919,27892,27895,27896,27899
577,27916,27919,27892,27895,27896,27899,27891,27898,27883,27890,27893
578,27898,27883,27890,27893,27902,27903,27904,27893,27905,27922,27934
579,27902,27903,27904,27893,27905,27922,27934,27943,27929,27942,27940
580,27893,27905,27922,27934,27943,27929,27942,27940,27938,27913,27922
581,27913,27922,27929,27951,27961,27970,27981,27986,27994,28013,28021
582,27929,27951,27961,27970,27981,27986,27994,28013,28021,28001,27991
583,27986,27994,28013,28021,28001,27991,27997,28021,28046,28025,28031
584,28031,28026,28012,28008,28000,27999,28009,28017,28029,28041,28060
585,28060,28063,28059,28066,28050,28036,28032,28092,28097,28086,28078
586,28111,28132,28155,28139,28123,28122,28116,28104,28103,28106,28099
587,28139,28123,28122,28116,28104,28103,28106,28099,28082,28096,28096
588,28106,28099,28082,28096,28096,28093,28101,28094,28106,28117,28101
589,28098,28093,28094,28084,28079,28072,28071,28079,28098,28090,28091
590,28093,28094,28084,28079,28072,28071,28079,28098,28090,28091,28093
591,28085,28087,28096,28107,28108,28104,28096,28100,28083,28088,28083
592,28096,28107,28108,28104,28096,28100,28083,28088,28083,28075,28074
593,28073,28078,28080,28084,28090,28124,28098,28089,28086,28099,28094
594,28097,28097,28106,28110,28105,28112,28097,28104,28085,28091,28094
595,28097,28104,28085,28091,28094,28091,28099,28096,28096,28086,28080
596,28050,28032,28029,28034,28032,28028,28026,28026,28022,28019,28039
597,28055,28051,28024,28055,28055,28038,28036,28032,28036,28054,28039
598,28024,28055,28055,28038,28036,28032,28036,28054,28039,28032,28029
599,28036,28054,28039,28032,28029,28038,28045,28052,28039,28049,28052
600,28029,28038,28045,28052,28039,28049,28052,28057,28057,28020,28036
601,28039,28049,28052,28057,28057,28020,28036,28044,28044,28051,28055
602,28052,28057,28057,28020,28036,28044,28044,28051,28055,28053,28058
603,28025,28021,28024,28012,28013,28018,28012,28013,28018,28018,28018
604,28018,28018,28026,28008,28014,28023,28022,28026,28027,28024,28026
605,28031,28021,28019,28021,28030,28043,28045,28043,28043,28043,28043
606,28058,28071,28065,28050,28045,28048,28057,28041,28022,28024,28009
607,28022,28024,28009,28001,27960,27963,27949,27963,27966,27966,27973
608,28001,27960,27963,27949,27963,27966,27966,27973,27982,27984,27984
609,27984,27988,27992,28000,27997,27997,27998,27969,27937,27952,27935
610,27969,27937,27952,27935,27946,27941,27934,27947,27960,27964,27962
611,27934,27947,27960,27964,27962,27961,27960,27953,27953,27956,27950
612,27960,27953,27953,27956,27950,27955,27970,27969,27955,27962,27965
613,28001,28014,28001,28020,28019,28019,28016,28004,28004,27996,27998
614,28001,28020,28019,28019,28016,28004,28004,27996,27998,28007,28005
615,28019,28019,28016,28004,28004,27996,27998,28007,28005,28012,28026
616,28019,28016,28004,28004,27996,27998,28007,28005,28012,28026,28004
617,28004,28004,27996,27998,28007,28005,28012,28026,28004,27987,27974
618,28017,28014,28029,28034,28041,28041,28037,28044,28036,28047,28047
619,28037,28044,28036,28047,28047,28053,28068,28059,28061,28061,28050
620,28061,28050,28061,28068,28066,28096,28071,28069,28084,28075,28085
621,28066,28096,28071,28069,28084,28075,28085,28086,28080,28074,28067
622,27968,27964,27966,27954,27961,27959,27940,27965,27981,27995,27989
623,27964,27966,27954,27961,27959,27940,27965,27981,27995,27989,27986
624,27959,27940,27965,27981,27995,27989,27986,27983,27966,27963,27966
625,27940,27965,27981,27995,27989,27986,27983,27966,27963,27966,27967
626,27965,27981,27995,27989,27986,27983,27966,27963,27966,27967,27965
627,27981,27995,27989,27986,27983,27966,27963,27966,27967,27965,27967
628,27967,27965,27967,27978,27979,27981,27980,27985,27979,28005,28008
629,27965,27967,27978,27979,27981,27980,27985,27979,28005,28008,28001
630,27999,28005,28008,28006,27996,28012,28000,28000,28003,27996,27990
631,27988,27989,27984,27968,27960,27962,27963,27963,27964,27974,27976
632,27962,27963,27963,27964,27974,27976,27980,27982,27983,27982,27973
633,27983,27982,27973,27965,27965,27960,27969,27975,27973,27964,27969
634,27975,27973,27964,27969,27970,27962,27950,27958,27956,27957,27957
635,27956,27957,27957,27948,27928,27908,27908,27918,27924,27924,27924
636,27916,27910,27909,27904,27896,27900,27899,27908,27908,27907,27921
637,27929,27944,27961,27953,27956,27958,27956,27962,27957,27960,27965
638,27961,27953,27956,27958,27956,27962,27957,27960,27965,27965,27964
639,27958,27956,27962,27957,27960,27965,27965,27964,27966,27972,27981
640,27965,27965,27964,27966,27972,27981,27980,27979,27982,27971,27985
641,27965,27964,27966,27972,27981,27980,27979,27982,27971,27985,27982
642,27981,27980,27979,27982,27971,27985,27982,27983,27982,27983,27991
643,27991,27987,27986,27986,27987,27988,27988,27990,28010,28029,28030
644,27987,27986,27986,27987,27988,27988,27990,28010,28029,28030,28031
645,28017,28018,28017,28003,28002,28003,28003,28003,28021,28013,28014
646,28015,28016,28015,28000,28000,27998,28000,28000,27995,27997,27998
647,28000,27995,27997,27998,27999,28004,28004,27998,28005,28006,28008
648,28005,28006,28008,28008,28002,28006,28009,28009,28000,28000,28000
649,28006,28008,28008,28008,28006,28006,28007,28009,28001,28002,28006
650,28008,28008,28008,28006,28006,28007,28009,28001,28002,28006,28002
651,28002,28002,28003,27999,27994,27995,27995,27986,27986,27978,27976
652,27986,27986,27978,27976,27986,27993,27993,27996,28022,28019,28027
653,27993,27993,27996,28022,28019,28027,28019,28018,28004,28000,28016
654,28027,28019,28018,28004,28000,28016,28017,28017,28018,28018,28018
655,28018,28004,28000,28016,28017,28017,28018,28018,28018,28031,28026
656,28018,28018,28018,28031,28026,28039,28033,28024,28023,28025,28025
657,28072,28071,28072,28071,28072,28072,28073,28056,28051,28049,28057
658,28056,28051,28049,28057,28058,28052,28049,28046,28048,28044,28050
659,28044,28050,28046,28045,28047,28048,28047,28032,28033,28021,28023
660,28036,28039,28044,28036,28037,28034,28034,28035,28035,28035,28047
661,28047,28041,28043,28045,28042,28043,28038,28039,28039,28037,28037
662,28038,28039,28039,28037,28037,28036,28037,28038,28037,28037,28029
663,28036,28037,28038,28037,28037,28029,28029,28030,28032,28034,28034
664,27933,27936,27938,27938,27933,27942,27963,27967,27966,27964,27962
665,27952,27968,27993,27994,27998,27999,28007,28005,28001,28001,28001
666,28000,27995,27996,27992,27994,27989,27986,27992,27992,27991,27990
667,27995,27996,27992,27994,27989,27986,27992,27992,27991,27990,27987
668,27990,27987,27985,27982,27979,27982,27987,27988,27978,27969,27970
669,27971,27971,27968,27965,27967,27961,27972,27978,27987,27985,27987
670,27972,27978,27987,27985,27987,27987,27987,27992,27991,28001,28013
671,27985,27987,27987,27987,27992,27991,28001,28013,28023,28020,28020
672,27987,27987,27992,27991,28001,28013,28023,28020,28020,28021,28021
673,28020,28020,28021,28021,28023,28024,28019,28017,28018,28021,28020
674,28020,28021,28021,28023,28024,28019,28017,28018,28021,28020,28017
675,28021,28023,28024,28019,28017,28018,28021,28020,28017,28016,28017
676,28023,28024,28019,28017,28018,28021,28020,28017,28016,28017,28017
677,28024,28019,28017,28018,28021,28020,28017,28016,28017,28017,28017
678,28019,28017,28018,28021,28020,28017,28016,28017,28017,28017,28014
679,28018,28021,28020,28017,28016,28017,28017,28017,28014,28014,28014
680,28010,28013,28004,28013,28007,28005,28002,28001,28003,28003,28005
681,28013,28004,28013,28007,28005,28002,28001,28003,28003,28005,28006
682,28001,28003,28003,28005,28006,28003,28007,28003,27998,27999,28000
683,28000,27999,27997,27997,27997,27983,28000,28023,28022,28027,28022
684,27997,27997,27983,28000,28023,28022,28027,28022,28029,28034,28029
685,27983,28000,28023,28022,28027,28022,28029,28034,28029,28037,28039
686,28022,28029,28034,28029,28037,28039,28031,28028,28029,28029,28029
687,28034,28029,28037,28039,28031,28028,28029,28029,28029,28028,28034
688,28033,28037,28038,28028,28035,28030,28029,27999,27985,27985,27987
689,28028,28035,28030,28029,27999,27985,27985,27987,27989,27991,27995
690,27996,27995,27994,27985,27990,27992,27984,27992,27992,27991,27980
691,27992,27991,27980,27990,27989,27990,27989,27982,27969,27978,27979
692,27991,27980,27990,27989,27990,27989,27982,27969,27978,27979,27979
693,27958,27948,27949,27921,27929,27900,27903,27914,27912,27918,27919
694,27960,27960,27953,27959,27961,27961,27961,27949,27953,27948,27948
695,27960,27960,27957,27954,27951,27954,27940,27947,27954,27944,27927
696,27957,27954,27951,27954,27940,27947,27954,27944,27927,27930,27945
697,27927,27930,27945,27943,27939,27919,27909,27921,27923,27932,27926
698,27930,27945,27943,27939,27919,27909,27921,27923,27932,27926,27928
699,27939,27919,27909,27921,27923,27932,27926,27928,27915,27916,27922
700,27924,27915,27914,27903,27897,27905,27908,27908,27910,27888,27884
701,27907,27907,27912,27916,27920,27929,27928,27925,27916,27924,27916
702,27907,27912,27916,27920,27929,27928,27925,27916,27924,27916,27919
703,27905,27903,27900,27895,27892,27892,27894,27895,27909,27908,27907
704,27860,27874,27857,27857,27853,27847,27842,27835,27844,27841,27853
705,27851,27795,27823,27832,27806,27814,27780,27762,27785,27811,27817
706,27803,27802,27812,27798,27820,27823,27834,27835,27839,27840,27829
707,27812,27798,27820,27823,27834,27835,27839,27840,27829,27839,27847
708,27823,27834,27835,27839,27840,27829,27839,27847,27848,27850,27829
709,27836,27847,27857,27851,27838,27837,27845,27859,27860,27834,27847
710,27859,27860,27834,27847,27864,27892,27899,27892,27880,27864,27885
711,27899,27892,27880,27864,27885,27876,27878,27879,27892,27898,27883
712,27864,27885,27876,27878,27879,27892,27898,27883,27881,27864,27865
713,27810,27809,27808,27821,27793,27801,27784,27793,27772,27766,27790
714,27784,27793,27772,27766,27790,27795,27803,27794,27803,27813,27817
715,27793,27772,27766,27790,27795,27803,27794,27803,27813,27817,27819
716,27834,27833,27847,27852,27853,27838,27839,27835,27817,27814,27815
717,27833,27847,27852,27853,27838,27839,27835,27817,27814,27815,27812
718,27820,27827,27832,27815,27818,27818,27817,27819,27838,27854,27853
719,27827,27832,27815,27818,27818,27817,27819,27838,27854,27853,27859
720,27832,27815,27818,27818,27817,27819,27838,27854,27853,27859,27866
721,27815,27818,27818,27817,27819,27838,27854,27853,27859,27866,27865
722,27819,27838,27854,27853,27859,27866,27865,27865,27862,27859,27856
723,27859,27866,27865,27865,27862,27859,27856,27860,27860,27856,27856
724,27853,27851,27850,27846,27858,27854,27856,27844,27857,27860,27859
725,27856,27844,27857,27860,27859,27855,27856,27856,27854,27852,27853
726,27848,27849,27904,27908,27914,27902,27919,27918,27910,27922,27909
727,27903,27903,27896,27893,27894,27907,27908,27918,27928,27931,27925
728,27912,27924,27924,27935,27919,27923,27922,27916,27918,27919,27910
729,27882,27880,27891,27882,27871,27877,27881,27884,27890,27890,27876
730,27853,27852,27849,27843,27847,27836,27839,27823,27815,27791,27810
731,27815,27791,27810,27802,27812,27816,27818,27801,27809,27810,27803
732,27800,27814,27813,27817,27830,27832,27837,27843,27843,27845,27845
733,27837,27843,27843,27845,27845,27865,27871,27886,27869,27881,27876
734,27898,27887,27868,27875,27867,27866,27862,27860,27877,27858,27861
735,27866,27862,27860,27877,27858,27861,27871,27881,27880,27879,27878
736,27861,27871,27881,27880,27879,27878,27881,27879,27872,27886,27899
737,27879,27872,27886,27899,27898,27905,27876,27864,27853,27853,27836
738,27898,27905,27876,27864,27853,27853,27836,27835,27847,27858,27843
739,27853,27836,27835,27847,27858,27843,27829,27843,27835,27830,27816
740,27858,27843,27829,27843,27835,27830,27816,27837,27840,27852,27880
741,27830,27816,27837,27840,27852,27880,27885,27881,27881,27868,27864
742,27881,27868,27864,27864,27863,27881,27857,27852,27853,27851,27858
743,27857,27852,27853,27851,27858,27857,27852,27858,27870,27862,27867
744,27858,27857,27852,27858,27870,27862,27867,27866,27877,27877,27873
745,27907,27901,27904,27904,27901,27916,27917,27913,27911,27909,27890
746,27923,27935,27932,27931,27931,27915,27920,27910,27914,27913,27913
747,27914,27914,27913,27911,27911,27900,27903,27899,27899,27891,27894
748,27913,27911,27911,27900,27903,27899,27899,27891,27894,27901,27909
749,27903,27899,27899,27891,27894,27901,27909,27923,27910,27910,27906
750,27901,27909,27923,27910,27910,27906,27902,27906,27899,27912,27903
751,27912,27903,27906,27899,27906,27904,27906,27931,27925,27918,27910
752,27906,27904,27906,27931,27925,27918,27910,27899,27902,27901,27902
753,27902,27901,27896,27896,27896,27906,27907,27910,27907,27907,27902
754,27902,27901,27904,27904,27904,27905,27903,27904,27913,27913,27914
755,27904,27905,27903,27904,27913,27913,27914,27906,27903,27902,27915
756,27926,27926,27929,27929,27926,27924,27924,27922,27920,27917,27917
757,27917,27917,27910,27908,27902,27900,27898,27896,27894,27895,27887
758,27917,27910,27908,27902,27900,27898,27896,27894,27895,27887,27877
759,27894,27892,27890,27887,27889,27883,27872,27877,27886,27889,27886
760,27887,27889,27883,27872,27877,27886,27889,27886,27877,27875,27874
761,27877,27886,27889,27886,27877,27875,27874,27873,27866,27864,27864
762,27850,27850,27860,27860,27860,27860,27860,27876,27873,27908,27908
763,27860,27860,27860,27860,27876,27873,27908,27908,27908,27908,27908
764,27860,27860,27876,27873,27908,27908,27908,27908,27908,27908,27908
765,27860,27876,27873,27908,27908,27908,27908,27908,27908,27908,27881
766,27873,27908,27908,27908,27908,27908,27908,27908,27881,27888,27888
767,27908,27908,27908,27908,27908,27908,27881,27888,27888,27888,27888
768,27888,27888,27888,27888,27888,27888,27888,27882,27891,27896,27902
769,27888,27888,27888,27888,27888,27888,27882,27891,27896,27902,27902
770,27888,27888,27888,27882,27891,27896,27902,27902,27901,27902,27901
771,27902,27902,27901,27902,27901,27902,27898,27898,27898,27899,27896
772,27901,27902,27898,27898,27898,27899,27896,27896,27906,27907,27908
773,27898,27898,27898,27899,27896,27896,27906,27907,27908,27908,27906
774,27896,27906,27907,27908,27908,27906,27904,27905,27907,27906,27905
775,27906,27907,27908,27908,27906,27904,27905,27907,27906,27905,27909
776,27923,27906,27887,27891,27890,27890,27890,27891,27891,27891,27891
777,27894,27894,27891,27891,27888,27888,27901,27907,27910,27907,27908
778,27894,27891,27891,27888,27888,27901,27907,27910,27907,27908,27907
779,27888,27901,27907,27910,27907,27908,27907,27896,27891,27888,27888
780,27886,27886,27882,27882,27882,27875,27874,27872,27872,27872,27872
781,27865,27875,27876,27877,27877,27877,27879,27879,27877,27876,27874
782,27875,27876,27877,27877,27877,27879,27879,27877,27876,27874,27869
783,27877,27877,27877,27879,27879,27877,27876,27874,27869,27858,27859
784,27858,27857,27857,27873,27872,27871,27872,27878,27877,27880,27877
785,27871,27872,27878,27877,27880,27877,27879,27877,27878,27879,27875
786,27877,27879,27877,27878,27879,27875,27875,27877,27874,27874,27878
787,27879,27877,27878,27879,27875,27875,27877,27874,27874,27878,27875
788,27874,27878,27875,27875,27873,27873,27873,27875,27875,27881,27884
789,27892,27892,27893,27892,27892,27892,27891,27891,27891,27891,27891
790,27892,27892,27891,27891,27891,27891,27891,27892,27889,27906,27898
791,27891,27891,27891,27891,27891,27892,27889,27906,27898,27897,27891
792,27871,27871,27875,27874,27874,27866,27878,27886,27886,27884,27884
793,27878,27886,27886,27884,27884,27883,27882,27881,27883,27884,27884
794,27883,27884,27884,27882,27882,27868,27846,27855,27844,27841,27834
795,27823,27825,27828,27831,27834,27830,27840,27844,27842,27843,27841
796,27828,27831,27834,27830,27840,27844,27842,27843,27841,27841,27861
797,27841,27841,27861,27858,27856,27864,27869,27863,27861,27862,27862
798,27864,27869,27863,27861,27862,27862,27862,27851,27843,27836,27835
799,27827,27824,27826,27824,27821,27823,27827,27833,27831,27831,27831
800,27826,27824,27821,27823,27827,27833,27831,27831,27831,27831,27834
801,27834,27839,27851,27854,27853,27851,27851,27852,27852,27848,27848
802,27851,27851,27852,27852,27848,27848,27849,27848,27845,27840,27832
803,27828,27828,27827,27831,27832,27832,27836,27836,27839,27846,27848
804,27836,27836,27839,27846,27848,27846,27843,27843,27844,27846,27847
805,27844,27846,27847,27849,27845,27841,27841,27841,27842,27849,27851
806,27841,27841,27841,27842,27849,27851,27854,27854,27861,27892,27895
807,27892,27895,27921,27932,27921,27921,27917,27895,27900,27895,27891
808,27895,27921,27932,27921,27921,27917,27895,27900,27895,27891,27896
809,27921,27932,27921,27921,27917,27895,27900,27895,27891,27896,27917
810,27900,27895,27891,27896,27917,27912,27906,27915,27912,27907,27903
811,27895,27891,27896,27917,27912,27906,27915,27912,27907,27903,27905
812,27912,27907,27903,27905,27905,27905,27928,27903,27902,27878,27884
813,27879,27877,27883,27888,27888,27892,27871,27871,27871,27872,27872
814,27883,27888,27888,27892,27871,27871,27871,27872,27872,27874,27867
815,27874,27867,27858,27860,27864,27863,27860,27863,27865,27861,27865
816,27864,27863,27860,27863,27865,27861,27865,27875,27875,27875,27876
817,27877,27878,27883,27881,27882,27877,27886,27888,27874,27874,27873
818,27877,27886,27888,27874,27874,27873,27874,27874,27857,27864,27865
819,27886,27888,27874,27874,27873,27874,27874,27857,27864,27865,27864
820,27874,27873,27874,27874,27857,27864,27865,27864,27866,27866,27863
821,27873,27874,27874,27857,27864,27865,27864,27866,27866,27863,27867
822,27864,27865,27864,27866,27866,27863,27867,27862,27863,27866,27862
823,27866,27866,27863,27867,27862,27863,27866,27862,27864,27864,27864
824,27863,27866,27862,27864,27864,27864,27856,27854,27855,27855,27849
825,27856,27854,27855,27855,27849,27848,27849,27849,27847,27848,27854
826,27849,27849,27847,27848,27854,27842,27834,27837,27840,27834,27854
827,27842,27834,27837,27840,27834,27854,27849,27841,27853,27851,27858
828,27841,27853,27851,27858,27858,27861,27866,27873,27879,27877,27882
829,27880,27874,27865,27857,27858,27858,27851,27847,27830,27840,27840
830,27858,27851,27847,27830,27840,27840,27838,27842,27838,27828,27830
831,27840,27840,27838,27842,27838,27828,27830,27828,27822,27818,27823
832,27838,27842,27838,27828,27830,27828,27822,27818,27823,27839,27838
833,27838,27828,27830,27828,27822,27818,27823,27839,27838,27841,27839
834,27828,27822,27818,27823,27839,27838,27841,27839,27849,27847,27842
835,27855,27854,27855,27856,27858,27858,27844,27840,27839,27840,27840
836,27839,27840,27840,27840,27839,27857,27856,27857,27859,27858,27858
837,27840,27839,27857,27856,27857,27859,27858,27858,27861,27870,27874
838,27875,27871,27874,27873,27878,27877,27876,27877,27877,27875,27874
839,27874,27873,27878,27877,27876,27877,27877,27875,27874,27876,27867
840,27859,27860,27862,27862,27862,27863,27865,27866,27864,27864,27863
841,27863,27864,27864,27864,27865,27865,27866,27865,27866,27866,27867
842,27868,27867,27867,27867,27868,27867,27873,27873,27873,27879,27877
843,27867,27867,27867,27868,27867,27873,27873,27873,27879,27877,27878
844,27877,27878,27879,27879,27881,27887,27889,27890,27883,27876,27870
845,27878,27879,27879,27881,27887,27889,27890,27883,27876,27870,27863
846,27887,27889,27890,27883,27876,27870,27863,27863,27865,27863,27864
847,27862,27871,27870,27872,27874,27886,27886,27885,27889,27883,27882
848,27889,27883,27882,27885,27887,27888,27889,27891,27907,27914,27911
849,27882,27885,27887,27888,27889,27891,27907,27914,27911,27916,27913
850,27909,27907,27913,27907,27918,27919,27922,27933,27909,27914,27912
851,27933,27909,27914,27912,27910,27901,27898,27900,27905,27906,27907
852,27969,27968,27966,27967,27969,27960,27945,27958,27959,27952,27952
853,27968,27966,27967,27969,27960,27945,27958,27959,27952,27952,27953
854,27959,27952,27952,27953,27949,27943,27946,27946,27935,27941,27948
855,27943,27946,27946,27935,27941,27948,27950,27950,27964,27981,27975
856,27981,27975,27974,27971,27973,27978,27981,27981,27983,27981,27986
857,27973,27978,27981,27981,27983,27981,27986,27989,27993,27995,27997
858,27983,27981,27986,27989,27993,27995,27997,27992,27994,27996,27994
859,27986,27989,27993,27995,27997,27992,27994,27996,27994,27990,27990
860,27995,27997,27992,27994,27996,27994,27990,27990,27990,27990,27985
861,27985,27972,27967,27967,27958,27965,27976,27974,27972,27967,27966
862,27967,27967,27958,27965,27976,27974,27972,27967,27966,27960,27965
863,27963,27956,27953,27953,27953,27953,27946,27941,27937,27939,27951
864,27952,27955,27955,27955,27956,27956,27944,27935,27931,27931,27933
865,27931,27931,27933,27933,27944,27941,27944,27942,27941,27941,27941
866,27933,27933,27944,27941,27944,27942,27941,27941,27941,27941,27940
867,27933,27944,27941,27944,27942,27941,27941,27941,27941,27940,27935
868,27941,27944,27942,27941,27941,27941,27941,27940,27935,27936,27946
869,27957,27958,27955,27953,27960,27958,27966,27967,27965,27969,27969
870,27968,27967,27968,27968,27968,27967,27967,27968,27972,27971,27979
871,27987,27984,27984,27986,27984,27989,27992,27986,27992,27992,27995
872,27992,27995,28002,28004,28013,28014,28021,28018,28011,28009,28033
873,28004,28013,28014,28021,28018,28011,28009,28033,28088,28099,28086
874,28011,28009,28033,28088,28099,28086,28075,28099,28105,28071,28089
875,28080,28069,28062,28064,28067,28065,28061,28055,28053,28051,28048
876,28062,28064,28067,28065,28061,28055,28053,28051,28048,28053,28045
877,28065,28061,28055,28053,28051,28048,28053,28045,28039,28044,28051
878,28055,28053,28051,28048,28053,28045,28039,28044,28051,28077,28081
879,28045,28039,28044,28051,28077,28081,28081,28091,28105,28086,28101
880,28086,28101,28090,28080,28069,28063,28064,28051,28056,28055,28056
881,28070,28066,28067,28067,28068,28068,28066,28066,28062,28064,28059
882,28074,28093,28094,28092,28079,28071,28066,28065,28098,28098,28100
883,28092,28079,28071,28066,28065,28098,28098,28100,28094,28094,28094
884,28079,28071,28066,28065,28098,28098,28100,28094,28094,28094,28094
885,28094,28094,28094,28091,28090,28090,28082,28082,28080,28081,28079
886,28094,28091,28090,28090,28082,28082,28080,28081,28079,28080,28080
887,28080,28080,28080,28082,28084,28085,28085,28083,28087,28088,28085
888,28085,28084,28088,28082,28080,28085,28085,28081,28078,28078,28081
889,28080,28085,28085,28081,28078,28078,28081,28078,28070,28071,28070
890,28078,28078,28081,28078,28070,28071,28070,28072,28073,28070,28067
891,28056,28059,28062,28061,28058,28058,28059,28059,28061,28067,28060
892,28058,28058,28059,28059,28061,28067,28060,28064,28065,28065,28068
893,28059,28061,28067,28060,28064,28065,28065,28068,28069,28069,28071
894,28069,28071,28074,28083,28082,28096,28092,28085,28087,28086,28089
895,28082,28096,28092,28085,28087,28086,28089,28089,28090,28085,28081
896,28083,28084,28082,28082,28085,28089,28079,28078,28075,28074,28071
897,28071,28071,28071,28071,28071,28071,28073,28072,28065,28052,28034
898,28071,28071,28071,28071,28071,28073,28072,28065,28052,28034,28035
899,28071,28071,28071,28073,28072,28065,28052,28034,28035,28036,28036
900,28036,28036,28036,28034,28033,28029,28030,28022,28007,28009,28006
901,28033,28029,28030,28022,28007,28009,28006,28008,28012,28014,28020
902,28020,28016,28012,28012,27998,28016,28025,28026,28027,28028,28030
903,28030,28030,28031,28032,28033,28033,28026,28027,28038,28038,28038
904,28040,28039,28038,28036,28039,28039,28039,28026,28023,28034,28034
905,28034,28034,28035,28033,28036,28037,28034,28035,28037,28035,28035
906,28035,28033,28036,28037,28034,28035,28037,28035,28035,28033,28033
907,28034,28035,28037,28035,28035,28033,28033,28034,28034,28034,28032
908,28037,28035,28035,28033,28033,28034,28034,28034,28032,28029,28025
909,28029,28025,28009,28008,28010,28008,28009,28012,28011,28011,28011
910,28012,28011,28011,28011,28009,28009,28009,28007,28009,28012,28009
911,28009,28009,28009,28007,28009,28012,28009,28009,28010,28011,28011
912,28009,28009,28007,28009,28012,28009,28009,28010,28011,28011,28014
913,28007,28009,28012,28009,28009,28010,28011,28011,28014,28011,28009
914,28010,28011,28011,28014,28011,28009,28003,27999,28002,28001,28000
915,27997,28006,28006,28006,28006,28011,28010,28009,28008,28009,28010
916,28006,28006,28006,28011,28010,28009,28008,28009,28010,28009,28005
917,28010,28009,28005,28005,27986,27980,27984,27984,27986,27985,27986
918,27989,27989,27988,27988,27988,27995,27997,27996,27996,27996,27996
919,27996,27996,27997,27998,27992,27993,27994,27993,27993,27992,27992
920,28006,28008,28009,28009,28010,28008,28009,28009,28010,28010,28004
921,28008,28009,28009,28010,28008,28009,28009,28010,28010,28004,27998
922,28009,28010,28010,28004,27998,27997,27997,28003,28002,28003,28003
923,28005,28004,27999,27998,27997,27995,27996,27997,27998,27998,27996
924,27998,27997,27995,27996,27997,27998,27998,27996,27997,27998,27998
925,27992,27992,27992,27991,27991,27987,27986,27986,27985,27986,27980
926,27987,27986,27986,27985,27986,27980,27980,27982,27982,27981,27979
927,27981,27979,27979,27979,27979,27978,27986,27986,27987,27987,27986
928,27979,27979,27978,27986,27986,27987,27987,27986,27991,27991,27987
929,27987,27986,27991,27991,27987,27986,27990,27989,27989,27992,27996
930,27990,27989,27989,27992,27996,28000,28002,27997,27986,27985,27986
931,27989,27989,27992,27996,28000,28002,27997,27986,27985,27986,27981
932,27981,27944,27945,27952,27957,27965,27966,27965,27964,27966,27971
933,27978,27979,27979,27979,27978,27967,27967,27969,27970,27970,27970
934,27977,27976,27976,27976,27976,27976,27977,27977,27977,27976,27976
935,27976,27976,27976,27976,27977,27977,27977,27976,27976,27975,27975
936,27976,27976,27976,27977,27977,27977,27976,27976,27975,27975,27974
937,27976,27976,27977,27977,27977,27976,27976,27975,27975,27974,27972
938,27977,27976,27976,27975,27975,27974,27972,27966,27965,27964,27963
939,27972,27978,27978,27979,27978,27976,27975,27976,27984,27986,27987
940,27984,27986,27987,27986,27987,27991,28002,28009,28018,28017,28005
941,27986,27987,27986,27987,27991,28002,28009,28018,28017,28005,28006
942,27987,27986,27987,27991,28002,28009,28018,28017,28005,28006,28001
943,28009,28018,28017,28005,28006,28001,28002,28003,28004,28003,28002
944,28005,28006,28001,28002,28003,28004,28003,28002,28001,28001,28011
945,28001,28002,28003,28004,28003,28002,28001,28001,28011,28011,28011
946,28002,28009,28009,28010,28008,28008,28008,28006,27997,27996,28007
947,28020,28020,28026,28032,28028,28029,28030,28028,28026,28027,28026
948,28020,28026,28032,28028,28029,28030,28028,28026,28027,28026,28026
949,28027,28023,28026,28027,28028,28028,28028,28016,28016,28016,28016
950,28016,28016,28016,28016,28016,28016,28016,28016,28016,28016,28016
951,28016,28016,28016,28016,28016,28016,28016,28016,28008,28010,28006
952,28016,28016,28016,28016,28016,28016,28016,28008,28010,28006,28003
953,28016,28016,28008,28010,28006,28003,28003,28002,28002,28000,28000
954,27996,27997,27984,27982,27995,27984,27984,27995,27994,27994,27994
955,27995,27994,27994,27994,27994,27994,27992,27993,27991,27990,27989
956,27994,27994,27994,27994,27994,27992,27993,27991,27990,27989,27989
957,27982,27983,27982,27982,27984,27983,27975,27976,27977,27976,27976
958,27982,27982,27984,27983,27975,27976,27977,27976,27976,27973,27974
959,27977,27976,27976,27973,27974,27988,27995,27995,27995,27996,27994
960,27973,27974,27988,27995,27995,27995,27996,27994,27994,27994,27994
961,27998,27998,27999,27999,27998,28000,28000,28000,27997,27996,28001
962,27999,27999,27998,28000,28000,28000,27997,27996,28001,28000,27999
963,28000,27999,28003,27999,28005,28007,28005,28005,28006,28007,28007
964,27999,28003,27999,28005,28007,28005,28005,28006,28007,28007,28006
965,28003,27999,28005,28007,28005,28005,28006,28007,28007,28006,28006
966,28006,28007,28007,28006,28006,28007,28010,28008,28010,27987,27985
967,28007,28010,28008,28010,27987,27985,27986,27985,27986,27993,27984
968,27984,27982,27985,27984,27986,27986,27985,27986,27991,27990,27991
969,27984,27986,27986,27985,27986,27991,27990,27991,27992,27990,27990
970,27986,27985,27986,27991,27990,27991,27992,27990,27990,27990,27989
971,27989,27988,27990,27990,27988,27989,27988,27988,27988,27988,27988
972,27988,27988,27988,27988,27988,27985,27987,27987,27999,27987,27985
973,27988,27988,27988,27988,27985,27987,27987,27999,27987,27985,27985
974,27987,27999,27987,27985,27985,27985,27986,27986,27986,27986,27986
975,27985,27985,27985,27986,27986,27986,27986,27986,27986,27985,27985
976,27976,27976,27975,27974,27973,27967,27968,27967,27965,27967,27961
977,27968,27967,27965,27967,27961,27957,27958,27958,27958,27955,27955
978,27922,27922,27922,27931,27911,27916,27912,27909,27899,27897,27897
979,27922,27922,27931,27911,27916,27912,27909,27899,27897,27897,27896
980,27897,27897,27896,27880,27892,27905,27917,27917,27922,27932,27933
981,27917,27917,27922,27932,27933,27934,27926,27931,27933,27932,27932
982,27933,27932,27932,27932,27932,27935,27933,27934,27932,27932,27926
983,27932,27935,27933,27934,27932,27932,27926,27924,27926,27928,27928
984,27932,27926,27924,27926,27928,27928,27924,27915,27915,27915,27902
985,27926,27924,27926,27928,27928,27924,27915,27915,27915,27902,27915
986,27928,27928,27924,27915,27915,27915,27902,27915,27916,27922,27922
987,27915,27915,27915,27902,27915,27916,27922,27922,27915,27918,27915
988,27922,27915,27918,27915,27914,27915,27914,27911,27909,27903,27893
989,27915,27914,27911,27909,27903,27893,27863,27875,27877,27883,27876
990,27874,27875,27886,27862,27861,27889,27893,27887,27883,27884,27890
991,27875,27886,27862,27861,27889,27893,27887,27883,27884,27890,27892
992,27904,27903,27899,27891,27900,27901,27905,27902,27903,27902,27902
993,27903,27899,27891,27900,27901,27905,27902,27903,27902,27902,27901
994,27896,27896,27895,27890,27893,27889,27892,27892,27888,27890,27905
995,27890,27893,27889,27892,27892,27888,27890,27905,27906,27907,27907
996,27889,27892,27892,27888,27890,27905,27906,27907,27907,27908,27907
997,27892,27888,27890,27905,27906,27907,27907,27908,27907,27907,27906
998,27907,27908,27907,27907,27906,27906,27930,27929,27930,27914,27905
999,27917,27919,27917,27918,27919,27920,27920,27927,27932,27932,27935
